{
    "Version": "2012-10-17",
    "Statement": [
        {
            "Effect": "Allow",
            "Action": [
                "cloudformation:*",
                "s3:*",
                "lambda:*",
                "apigateway:*",
                "dynamodb:*",
                "iam:CreateRole",
                "iam:DeleteRole",
                "iam:GetRole",
                "iam:PutRolePolicy",
                "iam:DeleteRolePolicy",
                "iam:PassRole",
                "iam:TagRole",
                "iam:UntagRole",
                "logs:*"
            ],
            "Resource": "*"
        }
    ]
} 